--CREATE NEW MENU

--ADD MENU CD INTO dev/src/components/pages/dasboard.vue

--INSERT INTO DATABASE
--INSERT NEW PARENT MENU INTO IDM_MENU - MNU_GPCASH_F_PARENT_SIPKD
Insert into IDM_MENU (CD,CREATED_BY,CREATED_DT,IS_DELETE,DSCP,ICON,IDX,IS_INACTIVE,NM,IS_SYSTEM,UPDATED_BY,UPDATED_DT,VERSION,MENU_TYPE_CD,SUB_TYPE,IS_FINANCIAL) 
    values ('MNU_GPCASH_F_PARENT_SIPKD','SYSTEM',sysdate,'N','PEMDA','fa-university','999','N','PEMDA','Y',null,null,'0','E',null,null);

--INSERT NEW CHILD MENU INTO IDM_MENU - MNU_GPCASH_F_SIPKD
Insert into IDM_MENU (CD,CREATED_BY,CREATED_DT,IS_DELETE,DSCP,ICON,IDX,IS_INACTIVE,NM,IS_SYSTEM,UPDATED_BY,UPDATED_DT,VERSION,MENU_TYPE_CD,SUB_TYPE,IS_FINANCIAL) 
    values ('MNU_GPCASH_F_SIPKD','SYSTEM',sysdate,'N','SIPKD',null,'999','N','SIPKD','Y',null,null,'0','T','SINGLE','Y');
	
--INSERT NEW PARENT MENU INTO IDM_MENU_TREE - MNU_GPCASH_F_PARENT_SIPKD
Insert into IDM_MENU_TREE (ID,CREATED_BY,CREATED_DT,IDX,LVL,UPDATED_BY,UPDATED_DT,APP_CD,MENU_CD,PARENT_MENU_CD) 
    values (sys_guid(),'SYSTEM',sysdate,'4','1',null,null,'GPCASHIB','MNU_GPCASH_F_PARENT_SIPKD',null);

--INSERT NEW CHILD MENU INTO IDM_MENU_TREE - MNU_GPCASH_F_SIPKD
Insert into IDM_MENU_TREE (ID,CREATED_BY,CREATED_DT,IDX,LVL,UPDATED_BY,UPDATED_DT,APP_CD,MENU_CD,PARENT_MENU_CD) 
    values (sys_guid(),'SYSTEM',sysdate,'1','2',null,null,'GPCASHIB','MNU_GPCASH_F_SIPKD','MNU_GPCASH_F_PARENT_SIPKD');

-- INSERT INTO IDM_ROLE_MENU FOR 36 ROLE (ALL IS MAKER)
INSERT INTO IDM_ROLE_MENU VALUE (SELECT SYS_GUID(), 'SYSTEM', SYSDATE, NULL, NULL, 'MNU_GPCASH_F_PARENT_SIPKD', RL.CD FROM
    IDM_ROLE RL WHERE IS_SYSTEM = 'Y' AND CD LIKE '%MK%' AND CD NOT LIKE ('%BNK%'));

INSERT INTO IDM_ROLE_MENU VALUE (SELECT SYS_GUID(), 'SYSTEM', SYSDATE, NULL, NULL, 'MNU_GPCASH_F_SIPKD', RL.CD FROM
    IDM_ROLE RL WHERE IS_SYSTEM = 'Y' AND CD LIKE '%MK%' AND CD NOT LIKE ('%BNK%'));

Insert into PRO_SRVC(CD, CREATED_BY, CREATED_DT, IS_DELETE, DSCP,IDX, IS_INACTIVE, NM, IS_SYSTEM,VERSION, SRVC_TYP_CD, MENU_CD) Values ('GPT_FTR_SIPKD_IH_OWN', 'SYSTEM', sysdate, 'N', 'Overbooking - to Own Account', 12, 'N', 'SIPKD Overbooking - to Own Account', 'Y', 0, 'TRX', 'MNU_GPCASH_F_SIPKD');
Insert into PRO_SRVC(CD, CREATED_BY, CREATED_DT, IS_DELETE, DSCP,IDX, IS_INACTIVE, NM, IS_SYSTEM,VERSION, SRVC_TYP_CD, MENU_CD) Values ('GPT_FTR_SIPKD_IH_3RD', 'SYSTEM', sysdate, 'N', 'Overbooking - to Third Party Account', 12, 'N', 'SIPKD Overbooking - to Third Party Account', 'Y', 0, 'TRX', 'MNU_GPCASH_F_SIPKD');
Insert into PRO_SRVC(CD, CREATED_BY, CREATED_DT, IS_DELETE, DSCP,IDX, IS_INACTIVE, NM, IS_SYSTEM,VERSION, SRVC_TYP_CD, MENU_CD) Values ('GPT_FTR_SIPKD_DOM_LLG', 'SYSTEM', sysdate, 'N', 'Domestic Transfer - SKN', 12, 'N', 'SIPKD Domestic Transfer - SKN', 'Y', 0, 'TRX', 'MNU_GPCASH_F_SIPKD');
Insert into PRO_SRVC(CD, CREATED_BY, CREATED_DT, IS_DELETE, DSCP,IDX, IS_INACTIVE, NM, IS_SYSTEM,VERSION, SRVC_TYP_CD, MENU_CD) Values ('GPT_FTR_SIPKD_DOM_RTGS', 'SYSTEM', sysdate, 'N', 'Domestic Transfer - RTGS', 12, 'N', 'SIPKD Domestic Transfer - RTGS', 'Y', 0, 'TRX', 'MNU_GPCASH_F_SIPKD');
Insert into PRO_SRVC(CD, CREATED_BY, CREATED_DT, IS_DELETE, DSCP,IDX, IS_INACTIVE, NM, IS_SYSTEM,VERSION, SRVC_TYP_CD, MENU_CD) Values ('GPT_FTR_SIPKD_DOM_ONLINE', 'SYSTEM', sysdate, 'N', 'Domestic Transfer - Online', 12, 'N', 'SIPKD Domestic Transfer - Online', 'Y', 0, 'TRX', 'MNU_GPCASH_F_SIPKD');


Insert into PRO_SRVC_CH(ID, IS_DELETE, DSCP, IDX, IS_INACTIVE, NM, IS_SYSTEM, VERSION, APP_CD, SRVC_CD) Values('SRVC_CHGPT_FTR_SIPKD_IH_OWN', 	'N', 	'SIPKD Overbooking - to Own Account Fee', 			999, 'N', 		'SIPKD Overbooking - to Own Account Fee', 			 'Y',  0, 'GPCASHIB', 'GPT_FTR_SIPKD_IH_OWN');
Insert into PRO_SRVC_CH(ID, IS_DELETE, DSCP, IDX, IS_INACTIVE, NM, IS_SYSTEM, VERSION, APP_CD, SRVC_CD) Values('SRVC_CHGPT_FTR_SIPKD_IH_3RD', 	'N', 	'SIPKD Overbooking - to Third Party Account Fee', 	999, 'N', 		'SIPKD Overbooking - to Third Party Account Fee', 	 'Y',  0, 'GPCASHIB', 'GPT_FTR_SIPKD_IH_3RD');
Insert into PRO_SRVC_CH(ID, IS_DELETE, DSCP, IDX, IS_INACTIVE, NM, IS_SYSTEM, VERSION, APP_CD, SRVC_CD) Values('SRVC_CHGPT_FTR_SIPKD_DOM_LLG', 	'N', 	'SIPKD Domestic Transfer - SKN Fee', 				999, 'N', 		'SIPKD Domestic Transfer - SKN Fee', 				 'Y',  0, 'GPCASHIB', 'GPT_FTR_SIPKD_DOM_LLG');
Insert into PRO_SRVC_CH(ID, IS_DELETE, DSCP, IDX, IS_INACTIVE, NM, IS_SYSTEM, VERSION, APP_CD, SRVC_CD) Values('SRVC_CHGPT_FTR_SIPKD_DOM_RTGS', 'N', 	'SIPKD Domestic Transfer - RTGS Fee', 				999, 'N', 		'SIPKD Domestic Transfer - RTGS Fee', 				 'Y',  0, 'GPCASHIB', 'GPT_FTR_SIPKD_DOM_RTGS');
Insert into PRO_SRVC_CH(ID, IS_DELETE, DSCP, IDX, IS_INACTIVE, NM, IS_SYSTEM, VERSION, APP_CD, SRVC_CD) Values('SRVC_CHGPT_FTR_SIPKD_DOM_ONLINE', 'N', 	'SIPKD Domestic Transfer - Online Fee', 			999, 'N', 		'SIPKD Domestic Transfer - Online Fee', 			 'Y',  0, 'GPCASHIB', 'GPT_FTR_SIPKD_DOM_ONLINE');


Insert into PRO_SRVC_CCY_MTRX(ID, VERSION, APP_CD, CCY_MTRX_CD, SRVC_CD) Values('GPT_FTR_SIPKD_IH_OWNLL', 	    0, 'GPCASHIB', 'LL', 'GPT_FTR_SIPKD_IH_OWN'		);
Insert into PRO_SRVC_CCY_MTRX(ID, VERSION, APP_CD, CCY_MTRX_CD, SRVC_CD) Values('GPT_FTR_SIPKD_IH_3RDLL', 	    0, 'GPCASHIB', 'LL', 'GPT_FTR_SIPKD_IH_3RD'		);
Insert into PRO_SRVC_CCY_MTRX(ID, VERSION, APP_CD, CCY_MTRX_CD, SRVC_CD) Values('GPT_FTR_SIPKD_DOM_LLGLL', 	    0, 'GPCASHIB', 'LL', 'GPT_FTR_SIPKD_DOM_LLG'	);
Insert into PRO_SRVC_CCY_MTRX(ID, VERSION, APP_CD, CCY_MTRX_CD, SRVC_CD) Values('GPT_FTR_SIPKD_DOM_RTGSLL',     0, 'GPCASHIB', 'LL', 'GPT_FTR_SIPKD_DOM_RTGS'	);
Insert into PRO_SRVC_CCY_MTRX(ID, VERSION, APP_CD, CCY_MTRX_CD, SRVC_CD) Values('GPT_FTR_SIPKD_DOM_ONLINELL',   0, 'GPCASHIB', 'LL', 'GPT_FTR_SIPKD_DOM_ONLINE'	);

Insert into PRO_BANK_TRX_LMT (ID, MAX_AMT_LMT, MIN_AMT_LMT,VERSION, APP_CD, CCY_CD, SRVC_CD, SRVC_CCY_MTRX_ID) Values ('GPT_FTR_SIPKD_IH_OWNLL',    	999999999999999,10000, 0, 'GPCASHIB', 'IDR', 'GPT_FTR_SIPKD_IH_OWN',    	'GPT_FTR_SIPKD_IH_OWNLL');
Insert into PRO_BANK_TRX_LMT (ID, MAX_AMT_LMT, MIN_AMT_LMT,VERSION, APP_CD, CCY_CD, SRVC_CD, SRVC_CCY_MTRX_ID) Values ('GPT_FTR_SIPKD_IH_3RDLL', 	    999999999999999,10000, 0, 'GPCASHIB', 'IDR', 'GPT_FTR_SIPKD_IH_3RD', 	    'GPT_FTR_SIPKD_IH_3RDLL');
Insert into PRO_BANK_TRX_LMT (ID, MAX_AMT_LMT, MIN_AMT_LMT,VERSION, APP_CD, CCY_CD, SRVC_CD, SRVC_CCY_MTRX_ID) Values ('GPT_FTR_SIPKD_DOM_LLGLL', 	    999999999999999,10000, 0, 'GPCASHIB', 'IDR', 'GPT_FTR_SIPKD_DOM_LLG',   	'GPT_FTR_SIPKD_DOM_LLGLL');
Insert into PRO_BANK_TRX_LMT (ID, MAX_AMT_LMT, MIN_AMT_LMT,VERSION, APP_CD, CCY_CD, SRVC_CD, SRVC_CCY_MTRX_ID) Values ('GPT_FTR_SIPKD_DOM_RTGSLL', 	    999999999999999,10000, 0, 'GPCASHIB', 'IDR', 'GPT_FTR_SIPKD_DOM_RTGS',  	'GPT_FTR_SIPKD_DOM_RTGSLL');
Insert into PRO_BANK_TRX_LMT (ID, MAX_AMT_LMT, MIN_AMT_LMT,VERSION, APP_CD, CCY_CD, SRVC_CD, SRVC_CCY_MTRX_ID) Values ('GPT_FTR_SIPKD_DOM_ONLINELL', 	999999999999999,10000, 0, 'GPCASHIB', 'IDR', 'GPT_FTR_SIPKD_DOM_ONLINE', 	'GPT_FTR_SIPKD_DOM_ONLINELL');


-- Transaction Status
Insert into CORP_TRANSACTION_STS_MAPPING(MENU_CD, MENU_SERVICE) Values('MNU_GPCASH_F_SIPKD', 'SipkdService');

-- INSERT COT DATA
    Insert into PRO_SYS_COT (ID,CD,CREATED_BY,CREATED_DT,IS_DELETE,END_TIME,IDX,IS_INACTIVE,NM,START_TIME,IS_SYSTEM,UPDATED_BY,UPDATED_DT,VERSION,APP_CD) 
        values ('GPT_FTR_SIPKD_IH_OWN','GPT_FTR_SIPKD_IH_OWN','SYSTEM',sysdate,'N','17:00','999','N','SIPKD Overbooking - to Own Account','06:19','Y',null,null,0,'GPCASHIB');
    Insert into PRO_SYS_COT (ID,CD,CREATED_BY,CREATED_DT,IS_DELETE,END_TIME,IDX,IS_INACTIVE,NM,START_TIME,IS_SYSTEM,UPDATED_BY,UPDATED_DT,VERSION,APP_CD) 
        values ('GPT_FTR_SIPKD_IH_3RD','GPT_FTR_SIPKD_IH_3RD','SYSTEM',sysdate,'N','17:00','999','N','SIPKD Overbooking - to Third Party Account','06:19','Y',null,null,0,'GPCASHIB');
    Insert into PRO_SYS_COT (ID,CD,CREATED_BY,CREATED_DT,IS_DELETE,END_TIME,IDX,IS_INACTIVE,NM,START_TIME,IS_SYSTEM,UPDATED_BY,UPDATED_DT,VERSION,APP_CD) 
        values ('GPT_FTR_SIPKD_DOM_LLG','GPT_FTR_SIPKD_DOM_LLG','SYSTEM',sysdate,'N','17:00','999','N','SIPKD Domestic Transfer - SKN','06:19','Y',null,null,0,'GPCASHIB');
    Insert into PRO_SYS_COT (ID,CD,CREATED_BY,CREATED_DT,IS_DELETE,END_TIME,IDX,IS_INACTIVE,NM,START_TIME,IS_SYSTEM,UPDATED_BY,UPDATED_DT,VERSION,APP_CD) 
        values ('GPT_FTR_SIPKD_DOM_RTGS','GPT_FTR_SIPKD_DOM_RTGS','SYSTEM',sysdate,'N','17:00','999','N','SIPKD Domestic Transfer - RTGS','06:19','Y',null,null,0,'GPCASHIB');
    Insert into PRO_SYS_COT (ID,CD,CREATED_BY,CREATED_DT,IS_DELETE,END_TIME,IDX,IS_INACTIVE,NM,START_TIME,IS_SYSTEM,UPDATED_BY,UPDATED_DT,VERSION,APP_CD) 
        values ('GPT_FTR_SIPKD_DOM_ONLINE','GPT_FTR_SIPKD_DOM_ONLINE','SYSTEM',sysdate,'N','23:00','999','N','SIPKD Domestic Transfer - Online','06:19','Y',null,null,0,'GPCASHIB');        
        
